sku,raw_title,raw_description
GROC-001,Amul Pure Ghee 1L Tin,Traditional clarified butter for cooking and sweets
GROC-002,Tata Salt Vacuum Evaporated 1kg,Iodized table salt with essential minerals
GROC-003,Aashirvaad Superior MP Whole Wheat Atta 5kg,100% pure whole wheat flour for soft rotis
GROC-004,Fortune Sunlite Refined Sunflower Oil 1L,Enriched with Vitamin A and D for everyday cooking
GROC-005,India Gate Basmati Rice Feast Rozzana 5kg,Aromatic long grain basmati rice
GROC-006,Kelloggs Corn Flakes Original 875g,Crispy breakfast cereal enriched with vitamins and iron
GROC-007,Nutella Hazelnut Spread with Cocoa 750g,"Creamy spread for toast, pancakes, and baking"
GROC-008,Saffola Gold Pro Healthy Lifestyle Edible Oil 5L,Blended cooking oil with natural antioxidants
GROC-009,Maggi 2-Minute Instant Noodles Masala 70g Pack of 12,Classic Indian spice blend instant wheat noodles
GROC-010,Patanjali Pure Honey 500g Glass Jar,Natural multi-flora pure honey
